,Model,Time in seconds
0,Random Forest,0.0037661999999993867
1,Decision Tree,0.0025961999999992713
2,ANN,0.13672520000000077
