,Model,Time in ns,Time in seconds
0,KNN,67303100.0,0.0673031
1,Random Forest,7539300.0,0.0075393
2,Decision Tree,2916200.0,0.0029162
3,XG Boost,222556734777.448,222.55673477744799
