,Model,Time in ns,Time in seconds
0,KNN,157047900.0,0.1570479
1,Random Forest,18989600.0,0.0189896
2,Decision Tree,3965100.0,0.0039651
3,XG Boost,43594644856.41196,43.59464485641195
4,ANN,14232946700.0,14.2329467
